{"sections":{"main":{"type":"main-page","blocks":{"product_recommendations_HjVkBx":{"type":"product-recommendations","name":"t:names.product_recommendations","settings":{"recommendation_type":"related","layout_type":"grid","carousel_on_mobile":true,"max_products":4,"columns_gap":16,"rows_gap":16,"icons_style":"arrow","icons_shape":"none","gap":12,"border_radius":0,"inherit_color_scheme":true,"color_scheme":"","padding-block-start":0,"padding-block-end":0,"padding-inline-start":0,"padding-inline-end":0},"blocks":{"static-product-card":{"type":"_product-card","static":true,"settings":{"product_card_gap":4,"inherit_color_scheme":true,"color_scheme":"","border":"none","border_width":1,"border_opacity":100,"border_radius":0,"padding-block-start":0,"padding-block-end":0,"padding-inline-start":0,"padding-inline-end":0},"blocks":{}}},"block_order":[]},"product_card_9Entge":{"type":"product-card","name":"t:names.product_card","settings":{"product":"","product_card_gap":4,"inherit_color_scheme":true,"color_scheme":"","border":"none","border_width":1,"border_opacity":100,"border_radius":0,"padding-block-start":0,"padding-block-end":0,"padding-inline-start":0,"padding-inline-end":0},"blocks":{}}},"block_order":["product_recommendations_HjVkBx","product_card_9Entge"],"settings":{"content_direction":"column","gap":32,"color_scheme":"scheme-2","padding-block-start":40,"padding-block-end":80}}},"order":["main"]}