{"sections":{"main":{"type":"main-page","blocks":{"page-content":{"type":"page-content","settings":{},"blocks":{}}},"block_order":["page-content"],"disabled":true,"settings":{"content_direction":"column","gap":32,"color_scheme":"scheme-2","padding-block-start":40,"padding-block-end":80}},"1765500772c3c0f3a3":{"type":"_blocks","blocks":{"ai_gen_block_65e0816_LxYwVX":{"type":"ai_gen_block_65e0816","settings":{"heading":"Returns & Refunds","intro_text":"<p>We want you to be completely satisfied with your purchase. Please review our return and refund policy below.<\/p>","heading_spacing":20,"intro_spacing":32,"show_return_policy":true,"return_policy_title":"Return Policy","return_policy_content":"<p>You may return most new, unopened items within 14 days of delivery for a full refund. The return shipping costs must always be paid by the seller.<br\/><\/p>","show_refund_policy":true,"refund_policy_title":"Refund Policy","refund_policy_content":"<p>Once we receive your return, we will inspect it and notify you of the approval or rejection of your refund. If approved, your refund will be processed within 5-7 business days.<\/p>","show_exchange_policy":true,"exchange_policy_title":"Exchanges","exchange_policy_content":"<p>If you need to exchange an item for a different size or color, please contact our customer service team and we'll be happy to assist you.<\/p>","show_conditions":true,"conditions_title":"Return Conditions","conditions_content":"<p>Items must be returned in their original condition with all tags attached. Items that are damaged, worn, or altered cannot be returned.<\/p>","show_cta":true,"cta_text":"Contact Us","cta_link":"","cta_spacing":40,"text_alignment":"left","max_width":900,"section_spacing":24,"section_padding":32,"section_title_spacing":16,"padding_top":60,"padding_bottom":60,"padding_horizontal":20,"section_background":"#f2f2f2","section_border_width":0,"section_border_color":"#793232","section_border_radius":0,"background_color":"#ffffff","heading_color":"#000000","section_title_color":"#000000","text_color":"#000000","button_background":"#000000","button_hover_background":"#383838","button_text_color":"#ffffff","button_border_radius":0},"blocks":{}}},"block_order":["ai_gen_block_65e0816_LxYwVX"],"settings":{"content_direction":"column","vertical_on_mobile":true,"horizontal_alignment":"flex-start","vertical_alignment":"center","align_baseline":false,"horizontal_alignment_flex_direction_column":"flex-start","vertical_alignment_flex_direction_column":"center","gap":12,"section_width":"page-width","section_height":"","section_height_custom":50,"color_scheme":"","background_media":"none","video_position":"cover","background_image_position":"cover","border":"none","border_width":1,"border_opacity":100,"border_radius":0,"toggle_overlay":false,"overlay_color":"#00000026","overlay_style":"solid","gradient_direction":"to top","padding-block-start":0,"padding-block-end":0}}},"order":["main","1765500772c3c0f3a3"]}