{"sections":{"main":{"type":"main-page","blocks":{"ai_gen_block_3f972c5_de6mNp":{"type":"ai_gen_block_3f972c5","settings":{"eyebrow":"Our Story","heading":"Mastura","text":"<p>Mastura is a modest fashion brand built on elegance, quality, and comfort. We create timeless, refined pieces that help every woman feel stylish and confident without compromising her values. Rooted in the principle of satr, our designs reflect dignity, grace, and effortless beauty.<\/p>","show_values":true,"value_1_title":"Elegance","value_1_text":"Timeless designs that embody refined beauty","value_2_title":"Quality","value_2_text":"Premium fabrics and meticulous craftsmanship","value_3_title":"Comfort","value_3_text":"Pieces designed for grace and ease of movement","max_width":1000,"content_spacing":40,"padding_top":80,"padding_bottom":80,"padding_horizontal":20,"eyebrow_size":12,"eyebrow_color":"#666666","heading_size":48,"heading_max_width":800,"heading_color":"#000000","text_size":16,"text_max_width":700,"text_color":"#000000","values_margin_top":40,"values_spacing":30,"value_padding":30,"value_background":"#ffffff","value_border_width":1,"value_border_color":"#e6e6e6","value_title_size":14,"value_title_color":"#000000","value_text_size":13,"value_text_color":"#666666","background_color":"#ffffff"},"blocks":{}},"page-content":{"type":"page-content","settings":{},"blocks":{}}},"block_order":["ai_gen_block_3f972c5_de6mNp","page-content"],"settings":{"content_direction":"column","gap":32,"color_scheme":"scheme-2","padding-block-start":40,"padding-block-end":80}}},"order":["main"]}