{"type":"footer","name":"Footer","sections":{"footer":{"type":"Footer","blocks":{"group_acXtYY":{"type":"group","name":"Links","settings":{"content_direction":"row","vertical_on_mobile":true,"horizontal_alignment":"space-between","vertical_alignment":"flex-start","align_baseline":false,"horizontal_alignment_flex_direction_column":"flex-start","vertical_alignment_flex_direction_column":"center","gap":12,"width":"fill","custom_width":100,"width_mobile":"fill","custom_width_mobile":100,"height":"fit","custom_height":100,"inherit_color_scheme":true,"color_scheme":"","background_media":"none","video_position":"cover","background_image_position":"cover","border":"none","border_width":1,"border_opacity":100,"border_radius":0,"toggle_overlay":false,"overlay_color":"#00000026","overlay_style":"solid","gradient_direction":"to top","link":"","open_in_new_tab":false,"placeholder":"","padding-block-start":0,"padding-block-end":0,"padding-inline-start":0,"padding-inline-end":0},"blocks":{"group_MTNPDR":{"type":"group","name":"Navigation","settings":{"content_direction":"row","vertical_on_mobile":true,"horizontal_alignment":"flex-start","vertical_alignment":"flex-start","align_baseline":false,"horizontal_alignment_flex_direction_column":"flex-start","vertical_alignment_flex_direction_column":"center","gap":12,"width":"custom","custom_width":50,"width_mobile":"fill","custom_width_mobile":100,"height":"fit","custom_height":100,"inherit_color_scheme":true,"color_scheme":"","background_media":"none","video_position":"cover","background_image_position":"cover","border":"none","border_width":1,"border_opacity":100,"border_radius":0,"toggle_overlay":false,"overlay_color":"#00000026","overlay_style":"solid","gradient_direction":"to top","link":"","open_in_new_tab":false,"placeholder":"","padding-block-start":0,"padding-block-end":0,"padding-inline-start":0,"padding-inline-end":0},"blocks":{}},"group_gz8NPq":{"type":"group","name":"t:names.email_signup","settings":{"content_direction":"column","vertical_on_mobile":true,"horizontal_alignment":"flex-start","vertical_alignment":"center","align_baseline":false,"horizontal_alignment_flex_direction_column":"flex-start","vertical_alignment_flex_direction_column":"center","gap":12,"width":"custom","custom_width":30,"width_mobile":"fill","custom_width_mobile":100,"height":"fit","custom_height":100,"inherit_color_scheme":true,"color_scheme":"","background_media":"none","video_position":"cover","background_image_position":"cover","border":"none","border_width":1,"border_opacity":100,"border_radius":0,"toggle_overlay":false,"overlay_color":"#00000026","overlay_style":"solid","gradient_direction":"to top","link":"","open_in_new_tab":false,"placeholder":"","padding-block-start":0,"padding-block-end":0,"padding-inline-start":0,"padding-inline-end":0},"blocks":{"email_signup_XgpLx7":{"type":"email-signup","name":"t:names.email_signup","settings":{"width":"fill","custom_width":100,"inherit_color_scheme":true,"color_scheme":"","heading":"","heading_preset":"h3","border_style":"underline","border_width":1,"border_radius":100,"input_type_preset":"paragraph","style_class":"button-unstyled","display_type":"arrow","label":"Sign up","integrated_button":false,"button_type_preset":"paragraph","padding-block-start":0,"padding-block-end":0,"padding-inline-start":0,"padding-inline-end":0},"blocks":{}}},"block_order":["email_signup_XgpLx7"]}},"block_order":["group_MTNPDR","group_gz8NPq"]}},"block_order":["group_acXtYY"],"settings":{"section_width":"page-width","gap":0,"color_scheme":"","padding-block-start":64,"padding-block-end":0}},"utilities":{"type":"footer-utilities","blocks":{"social_links_BGVf9A":{"type":"social-links","name":"t:names.social_media_links","settings":{"facebook_url":"","instagram_url":"https:\/\/www.instagram.com\/mastura.official\/","youtube_url":"","tiktok_url":"https:\/\/www.tiktok.com\/@masturaeu?_r=1&_d=secCgYIASAHKAESPgo8hayzSnH7JwZsJLn0VEYv%2BvcnpdM2DeHKgAbUt%2FdmueyFjcetAruS%2F2AUcyQi7YeDxreF4q%2FnFIDgcTtzGgA%3D&_svg=2&checksum=cc23b70a49891b04275e5181f5a1faf1523ac87a43be55816d6abe6daa195baf&item_author_type=1&sec_uid=MS4wLjABAAAAXlZvQ5TeaY1jb4XZrYpL9pNICJIqbeUJcw3AqNHxpVE94zSD3rT2N3SqqwN92Wgz&sec_user_id=MS4wLjABAAAAXlZvQ5TeaY1jb4XZrYpL9pNICJIqbeUJcw3AqNHxpVE94zSD3rT2N3SqqwN92Wgz&share_app_id=1233&share_author_id=7559710004305445910&share_link_id=6C9BA377-3FB7-4B42-A14E-F84D1AFC9F72&share_region=BE&share_scene=1&sharer_language=nl&social_share_type=4&source=h5_m&timestamp=1765505658&tt_from=copy&u_code=emm2j3m1gbbgh0&ug_btm=b0%2Cb0&user_id=7559710004305445910&utm_campaign=client_share&utm_medium=ios&utm_source=copy","twitter_url":"","threads_url":"","linkedin_url":"","bluesky_url":"","snapchat_url":"","pinterest_url":"","tumblr_url":"","vimeo_url":"","custom_url":""},"blocks":{}}},"block_order":["social_links_BGVf9A"],"settings":{"section_width":"page-width","gap":24,"divider_thickness":1,"color_scheme":"","padding-block-start":12,"padding-block-end":16}}},"order":["footer","utilities"]}